date,unit_sales
2013-01-01,2511.6190000000006
2013-01-02,496092.41799999896
2013-01-03,361429.2309999994
2013-01-04,354459.67700000026
2013-01-05,477350.1209999992
2013-01-06,519695.40099999943
2013-01-07,336122.8010000001
2013-01-08,318347.77799999993
2013-01-09,302530.80899999954
2013-01-10,258982.00300000006
2013-01-11,289737.6850000001
2013-01-12,403257.2120000003
2013-01-13,464638.5480000001
2013-01-14,293328.36199999996
2013-01-15,298969.54999999906
2013-01-16,318347.9140000004
2013-01-17,267498.51599999995
2013-01-18,296130.85000000015
2013-01-19,432459.8520000003
2013-01-20,461092.38599999977
2013-01-21,311211.2659999998
2013-01-22,296214.7290000004
2013-01-23,283258.4529999999
2013-01-24,247245.69100000008
2013-01-25,290022.77200000023
2013-01-26,413799.7679999999
2013-01-27,430411.991
2013-01-28,285460.1700000001
2013-01-29,264488.8179999995
2013-01-30,281061.1270000005
2013-01-31,271254.21799999935
2013-02-01,369402.0550000004
2013-02-02,518887.4630000004
2013-02-03,486336.8199999997
2013-02-04,344308.71499999985
2013-02-05,321245.8390000006
2013-02-06,321538.1769999993
2013-02-07,290807.5310000001
2013-02-08,347441.79000000015
2013-02-09,416176.2789999994
2013-02-10,300951.3289999995
2013-02-11,278627.5890000003
2013-02-12,308800.791
2013-02-13,319597.93000000034
2013-02-14,308164.0169999993
2013-02-15,320168.884
2013-02-16,485660.4940000007
2013-02-17,399588.91000000027
2013-02-18,350745.57299999945
2013-02-19,293637.8020000002
2013-02-20,313803.16199999955
2013-02-21,267711.10899999994
2013-02-22,285679.8690000006
2013-02-23,412897.34900000057
2013-02-24,452726.12600000016
2013-02-25,307110.8759999993
2013-02-26,270425.0069999997
2013-02-27,288401.99900000007
2013-02-28,278116.2920000001
2013-03-01,378898.1650000001
2013-03-02,547857.2050000001
2013-03-03,559820.5799999991
2013-03-04,383647.67900000006
2013-03-05,332189.99300000066
2013-03-06,335726.5809999997
2013-03-07,293099.52700000006
2013-03-08,316600.67999999993
2013-03-09,453259.4970000004
2013-03-10,461859.75600000017
2013-03-11,318379.1329999992
2013-03-12,271823.3779999999
2013-03-13,287869.66399999993
2013-03-14,247541.41999999998
2013-03-15,315878.0899999999
2013-03-16,482233.434
2013-03-17,513439.5849999997
2013-03-18,330283.80299999967
2013-03-19,294020.24599999987
2013-03-20,321207.00700000016
2013-03-21,269130.12800000014
2013-03-22,304100.4540000001
2013-03-23,453192.00299999944
2013-03-24,449794.6370000003
2013-03-25,317559.60999999987
2013-03-26,275818.23600000015
2013-03-27,313691.14900000027
2013-03-28,339293.2690000008
2013-03-29,345513.13199999975
2013-03-30,452661.35599999945
2013-03-31,462107.6399999997
2013-04-01,428816.4480000001
2013-04-02,377732.827999999
2013-04-03,373731.07599999977
2013-04-04,308738.3860000001
2013-04-05,336394.7819999995
2013-04-06,509424.21400000097
2013-04-07,519048.3770000008
2013-04-08,346649.81599999976
2013-04-09,306335.8019999988
2013-04-10,312846.375
2013-04-11,303222.41300000006
2013-04-12,314394.9669999996
2013-04-13,453442.49700000003
2013-04-14,478417.1490000001
2013-04-15,338712.4580000009
2013-04-16,333431.8799999998
2013-04-17,334990.51900000003
2013-04-18,281923.51000000024
2013-04-19,311588.70500000013
2013-04-20,459884.8379999993
2013-04-21,485721.03199999983
2013-04-22,328886.32099999976
2013-04-23,302097.83300000004
2013-04-24,310555.18499999936
2013-04-25,268790.6190000002
2013-04-26,304413.5569999999
2013-04-27,446665.33799999964
2013-04-28,477623.4729999992
2013-04-29,328795.8740000002
2013-04-30,310186.46699999995
2013-05-01,507974.63700000074
2013-05-02,348709.45999999985
2013-05-03,374290.2509999999
2013-05-04,520339.51600000024
2013-05-05,580268.5510000007
2013-05-06,369869.3830000001
2013-05-07,317292.96400000015
2013-05-08,332477.4110000003
2013-05-09,305868.05699999933
2013-05-10,335937.44199999986
2013-05-11,512090.58100000006
2013-05-12,387860.50500000024
2013-05-13,350598.06200000044
2013-05-14,308469.3129999996
2013-05-15,329113.5600000004
2013-05-16,307556.9469999992
2013-05-17,330004.24200000096
2013-05-18,480969.5589999996
2013-05-19,518153.5540000002
2013-05-20,341787.2149999999
2013-05-21,307178.3999999993
2013-05-22,301785.48300000007
2013-05-23,289261.0579999997
2013-05-24,398389.2419999998
2013-05-25,417930.1419999996
2013-05-26,450631.3999999995
2013-05-27,321630.8309999997
2013-05-28,307329.1680000001
2013-05-29,309332.3809999997
2013-05-30,304344.85000000056
2013-05-31,330257.84200000076
2013-06-01,566901.8150000001
2013-06-02,637698.4949999985
2013-06-03,426332.0979999995
2013-06-04,369705.1599999996
2013-06-05,361791.0810000008
2013-06-06,317495.7659999997
2013-06-07,357673.08800000045
2013-06-08,466292.69900000026
2013-06-09,526804.7299999996
2013-06-10,349754.29200000054
2013-06-11,283858.21599999996
2013-06-12,320173.5779999999
2013-06-13,282886.9199999999
2013-06-14,326956.74200000026
2013-06-15,505949.66700000083
2013-06-16,435894.08299999975
2013-06-17,370944.27100000053
2013-06-18,320885.33999999904
2013-06-19,319235.25800000003
2013-06-20,293877.944
2013-06-21,319722.6869999997
2013-06-22,446347.3120000005
2013-06-23,504964.8449999996
2013-06-24,336625.9639999998
2013-06-25,305119.52999999974
2013-06-26,301847.2490000001
2013-06-27,266525.459
2013-06-28,324210.9720000002
2013-06-29,509379.1080000004
2013-06-30,533481.6930000001
2013-07-01,441758.38799999905
2013-07-02,390958.3840000007
2013-07-03,374551.9180000007
2013-07-04,327020.1790000003
2013-07-05,351401.5000000006
2013-07-06,479514.49399999983
2013-07-07,500606.0730000003
2013-07-08,365452.995
2013-07-09,317279.1449999996
2013-07-10,314134.88599999965
2013-07-11,281750.93099999987
2013-07-12,308786.4380000006
2013-07-13,432569.1020000005
2013-07-14,438722.41799999983
2013-07-15,348803.0470000002
2013-07-16,335516.2290000003
2013-07-17,324312.818
2013-07-18,287073.87399999955
2013-07-19,313332.555
2013-07-20,435497.7310000002
2013-07-21,437952.6239999998
2013-07-22,342802.2989999996
2013-07-23,316257.4630000001
2013-07-24,309243.7900000004
2013-07-25,298074.2249999997
2013-07-26,318745.69299999997
2013-07-27,423890.5020000006
2013-07-28,433358.65199999965
2013-07-29,331493.285
2013-07-30,318553.99
2013-07-31,357982.9790000009
2013-08-01,397555.3179999997
2013-08-02,393831.11999999994
2013-08-03,516956.8459999996
2013-08-04,514267.276
2013-08-05,407033.8109999999
2013-08-06,357263.8539999999
2013-08-07,351302.1320000005
2013-08-08,310953.02400000073
2013-08-09,337521.6679999997
2013-08-10,434184.9439999999
2013-08-11,434720.32300000027
2013-08-12,349539.2239999999
2013-08-13,317103.33099999954
2013-08-14,324377.38700000016
2013-08-15,311043.17299999966
2013-08-16,364487.32199999894
2013-08-17,448835.311
2013-08-18,464053.7730000004
2013-08-19,362084.52699999965
2013-08-20,343046.11400000023
2013-08-21,335724.6439999998
2013-08-22,306473.2610000003
2013-08-23,331906.3689999999
2013-08-24,420576.1550000005
2013-08-25,443694.0940000006
2013-08-26,347159.6410000001
2013-08-27,319688.21899999987
2013-08-28,319322.0609999998
2013-08-29,294518.6859999999
2013-08-30,354932.93099999987
2013-08-31,523631.3810000012
2013-09-01,640406.2220000001
2013-09-02,458792.9610000004
2013-09-03,397680.41999999934
2013-09-04,392565.4859999997
2013-09-05,330622.7789999993
2013-09-06,335442.2480000001
2013-09-07,518584.24700000015
2013-09-08,560852.0049999991
2013-09-09,377151.70700000087
2013-09-10,308074.4659999995
2013-09-11,323124.6190000002
2013-09-12,282855.73099999985
2013-09-13,319555.94199999975
2013-09-14,476364.00500000035
2013-09-15,532852.9589999998
2013-09-16,373229.8409999992
2013-09-17,327282.95000000094
2013-09-18,315687.7190000003
2013-09-19,279580.3720000003
2013-09-20,331846.9039999995
2013-09-21,468298.38099999994
2013-09-22,502068.7019999994
2013-09-23,356043.0340000001
2013-09-24,303333.3930000003
2013-09-25,312490.10499999986
2013-09-26,273057.8800000001
2013-09-27,320246.574
2013-09-28,484903.6889999998
2013-09-29,522868.44200000045
2013-09-30,367068.4500000008
2013-10-01,436441.0339999991
2013-10-02,414455.65499999997
2013-10-03,348933.2470000005
2013-10-04,378109.97799999977
2013-10-05,540156.625
2013-10-06,553031.424000001
2013-10-07,373387.1089999997
2013-10-08,326726.7240000005
2013-10-09,322529.4189999998
2013-10-10,305047.0980000002
2013-10-11,402913.84900000005
2013-10-12,426379.6910000006
2013-10-13,481781.25599999976
2013-10-14,342694.7210000001
2013-10-15,305241.5699999997
2013-10-16,355696.964
2013-10-17,312949.4130000002
2013-10-18,323327.87299999985
2013-10-19,488245.56999999983
2013-10-20,537713.5090000009
2013-10-21,348721.3280000004
2013-10-22,301641.7850000002
2013-10-23,323105.1160000003
2013-10-24,276059.08000000054
2013-10-25,317570.4260000004
2013-10-26,452902.3639999993
2013-10-27,512891.483
2013-10-28,346941.91399999993
2013-10-29,302332.9969999997
2013-10-30,319494.70499999996
2013-10-31,298195.43299999984
2013-11-01,403637.2330000005
2013-11-02,540615.5550000002
2013-11-03,602796.5560000003
2013-11-04,424314.167
2013-11-05,393322.18299999996
2013-11-06,386425.9789999999
2013-11-07,346293.33999999985
2013-11-08,358473.97800000093
2013-11-09,513850.32300000044
2013-11-10,587666.4900000001
2013-11-11,374087.89000000025
2013-11-12,373277.74799999915
2013-11-13,332279.25700000045
2013-11-14,284567.4029999997
2013-11-15,349360.30499999906
2013-11-16,524065.5879999995
2013-11-17,579209.2289999997
2013-11-18,391940.5519999995
2013-11-19,329455.27100000024
2013-11-20,354337.7349999997
2013-11-21,298047.0479999995
2013-11-22,340734.2130000007
2013-11-23,485544.2990000003
2013-11-24,550925.2929999991
2013-11-25,365965.5090000004
2013-11-26,323292.83000000037
2013-11-27,337083.2859999996
2013-11-28,305982.9819999999
2013-11-29,357000.40399999946
2013-11-30,541977.6559999994
2013-12-01,698217.1289999996
2013-12-02,495488.367
2013-12-03,424438.04700000014
2013-12-04,424147.0460000003
2013-12-05,386406.8049999991
2013-12-06,432661.7549999989
2013-12-07,537181.319999999
2013-12-08,588855.8960000009
2013-12-09,441554.31399999943
2013-12-10,414421.69599999953
2013-12-11,422957.1990000002
2013-12-12,384256.081
2013-12-13,434657.01300000044
2013-12-14,554911.9170000004
2013-12-15,642015.7760000005
2013-12-16,516060.29099999956
2013-12-17,480470.71700000064
2013-12-18,527481.3369999989
2013-12-19,507461.03800000047
2013-12-20,544104.2680000009
2013-12-21,685673.0750000005
2013-12-22,696295.1470000005
2013-12-23,792865.2840000008
2013-12-24,620663.2909999992
2013-12-26,470731.16200000024
2013-12-27,479314.96799999947
2013-12-28,556952.3059999997
2013-12-29,499719.5049999995
2013-12-30,635134.7360000019
2013-12-31,507264.6629999997
2014-01-01,8602.065399999998
2014-01-02,801011.2261999985
2014-01-03,680672.8455999998
2014-01-04,936628.887
2014-01-05,949618.7900000012
2014-01-06,602268.5640000005
2014-01-07,563450.5984000004
2014-01-08,636176.852200001
2014-01-09,496377.93350000016
2014-01-10,543055.3286000004
2014-01-11,787321.4559999985
2014-01-12,844633.5990000006
2014-01-13,555547.0149999991
2014-01-14,502643.1038999998
2014-01-15,567067.4683999988
2014-01-16,502789.21429999993
2014-01-17,542937.9157000004
2014-01-18,786779.8899999995
2014-01-19,851735.334000001
2014-01-20,575850.0619999979
2014-01-21,538817.2074000017
2014-01-22,553097.5972999985
2014-01-23,460789.0398000025
2014-01-24,526123.5724000009
2014-01-25,733880.9789999992
2014-01-26,814057.7330000018
2014-01-27,540798.8339999999
2014-01-28,481592.43580000085
2014-01-29,512853.98999999877
2014-01-30,453642.97080000065
2014-01-31,560816.1923999989
2014-02-01,648870.1989999991
2014-02-02,619805.5369999986
2014-02-03,461637.5230000003
2014-02-04,403189.58700000035
2014-02-05,399138.3060000001
2014-02-06,359139.10160000034
2014-02-07,389471.56810000003
2014-02-08,530128.0599999992
2014-02-09,520753.7469999994
2014-02-10,396622.7370000003
2014-02-11,358382.73399999965
2014-02-12,387757.3940000003
2014-02-13,347373.29860000045
2014-02-14,361206.4071000005
2014-02-15,538893.3579999998
2014-02-16,595300.235
2014-02-17,412029.28800000047
2014-02-18,365331.24800000014
2014-02-19,360161.63899999944
2014-02-20,322450.92010000075
2014-02-21,369403.65390000073
2014-02-22,538206.083
2014-02-23,487886.46400000015
2014-02-24,404224.1889999992
2014-02-25,351418.1099999997
2014-02-26,353604.2669999994
2014-02-27,330330.18530000106
2014-02-28,425624.79540000047
2014-03-01,911360.2579999978
2014-03-02,667413.0530000003
2014-03-03,613973.0319999995
2014-03-04,748929.9021999992
2014-03-05,741756.417400001
2014-03-06,614082.4439000003
2014-03-07,598242.3416000016
2014-03-08,753345.2589999998
2014-03-09,916117.6500000047
2014-03-10,587414.8289999997
2014-03-11,539365.3750999988
2014-03-12,575676.796200001
2014-03-13,473298.0426000004
2014-03-14,530515.2550999988
2014-03-15,731049.7900000018
2014-03-16,929808.4939999966
2014-03-17,612719.5220000012
2014-03-18,537427.8684000003
2014-03-19,585974.6574999999
2014-03-20,500897.1125999999
2014-03-21,548811.4700999997
2014-03-22,771704.9339999988
2014-03-23,838814.6359999992
2014-03-24,571762.0449999996
2014-03-25,539861.6183999983
2014-03-26,569680.5431999993
2014-03-27,468581.39830000023
2014-03-28,538905.7822000004
2014-03-29,822333.1440000026
2014-03-30,873958.840000004
2014-03-31,651800.5090000008
2014-04-01,485078.8869999996
2014-04-02,463917.31599999993
2014-04-03,388867.96139999945
2014-04-04,422578.7448999995
2014-04-05,617680.1940000007
2014-04-06,631888.251
2014-04-07,426091.1039999998
2014-04-08,376663.27200000075
2014-04-09,375309.08200000017
2014-04-10,334052.7570000002
2014-04-11,379646.8459000002
2014-04-12,529919.9230000017
2014-04-13,540190.2819999998
2014-04-14,381386.3090000002
2014-04-15,364689.05499999993
2014-04-16,411357.08500000014
2014-04-17,397464.8428999999
2014-04-18,394392.18409999995
2014-04-19,496904.7489999995
2014-04-20,520126.39799999964
2014-04-21,398677.3970000004
2014-04-22,370552.2490000005
2014-04-23,372232.5950000001
2014-04-24,320875.47790000006
2014-04-25,357173.7084999996
2014-04-26,497334.7350000004
2014-04-27,560508.4210000007
2014-04-28,362271.9170000007
2014-04-29,326338.3479999999
2014-04-30,357079.96499999875
2014-05-01,530380.8480000006
2014-05-02,443284.8913999997
2014-05-03,610391.7490000007
2014-05-04,646164.8639999992
2014-05-05,427601.70399999927
2014-05-06,388945.8899999998
2014-05-07,391932.184
2014-05-08,337483.71320000023
2014-05-09,381333.19610000047
2014-05-10,577012.0270000012
2014-05-11,454512.92900000035
2014-05-12,398251.8890000009
2014-05-13,360734.5230000005
2014-05-14,356373.8069999999
2014-05-15,332272.8296999995
2014-05-16,380822.7426000001
2014-05-17,537873.964000001
2014-05-18,634519.737
2014-05-19,388814.7449999997
2014-05-20,354372.33999999997
2014-05-21,356898.48300000076
2014-05-22,310660.1426000005
2014-05-23,349549.8927000003
2014-05-24,516627.26200000074
2014-05-25,573412.2100000004
2014-05-26,373831.0860000004
2014-05-27,327642.1430000003
2014-05-28,338481.78400000016
2014-05-29,326624.5773999993
2014-05-30,375782.6400000007
2014-05-31,597192.4679999982
2014-06-01,742732.8299999996
2014-06-02,512725.77299999876
2014-06-03,443636.18799999985
2014-06-04,423283.49500000034
2014-06-05,359474.51379999984
2014-06-06,391266.12530000013
2014-06-07,557142.4609999993
2014-06-08,626026.9569999995
2014-06-09,415798.9459999993
2014-06-10,351689.4229999998
2014-06-11,373828.1639999997
2014-06-12,329408.06740000023
2014-06-13,392308.3748000001
2014-06-14,622072.988999999
2014-06-15,441279.93399999995
2014-06-16,447450.2399999991
2014-06-17,380396.0359999999
2014-06-18,373403.6640000011
2014-06-19,332280.9350000003
2014-06-20,369206.7895999997
2014-06-21,538613.8550000008
2014-06-22,591184.1240000002
2014-06-23,414929.6360000001
2014-06-24,340464.7449999993
2014-06-25,355342.39799999987
2014-06-26,315798.1809999996
2014-06-27,370793.5733999992
2014-06-28,510870.81399999914
2014-06-29,567218.885
2014-06-30,429324.05500000034
2014-07-01,720480.6169999983
2014-07-02,747430.1482999999
2014-07-03,583843.7208000019
2014-07-04,595424.3131999989
2014-07-05,817307.1100000008
2014-07-06,918276.5960000012
2014-07-07,638526.4289999992
2014-07-08,557291.4975000006
2014-07-09,574451.4102000019
2014-07-10,498047.54899999965
2014-07-11,535644.1829000006
2014-07-12,756698.7519999993
2014-07-13,733653.779999999
2014-07-14,584867.1510000005
2014-07-15,562860.0270000008
2014-07-16,621336.4940000032
2014-07-17,498221.7050000007
2014-07-18,547619.0590000014
2014-07-19,728988.2259999994
2014-07-20,776474.1179999991
2014-07-21,600228.4299999995
2014-07-22,530276.0400000003
2014-07-23,574168.6360000022
2014-07-24,484618.81700000155
2014-07-25,579767.2850000001
2014-07-26,688919.5499999983
2014-07-27,747307.8670000008
2014-07-28,583936.6850000013
2014-07-29,524743.3250000003
2014-07-30,578056.9652
2014-07-31,532423.5580000002
2014-08-01,506826.7949999995
2014-08-02,626533.6380000002
2014-08-03,625898.206000002
2014-08-04,471173.30400000035
2014-08-05,417197.47600000014
2014-08-06,402914.37100000004
2014-08-07,359701.5329999996
2014-08-08,397759.9389999997
2014-08-09,496192.78699999995
2014-08-10,509681.7649999999
2014-08-11,409544.57499999925
2014-08-12,353897.21200000076
2014-08-13,372115.54499999917
2014-08-14,340740.81699999946
2014-08-15,402631.8400000004
2014-08-16,533996.1550000003
2014-08-17,564443.1730000007
2014-08-18,433041.29900000035
2014-08-19,379329.95299999876
2014-08-20,398102.79099999956
2014-08-21,355108.87500000023
2014-08-22,388359.89840000006
2014-08-23,499678.2079999991
2014-08-24,528990.561000001
2014-08-25,412250.0750000001
2014-08-26,355053.90800000005
2014-08-27,366321.49800000136
2014-08-28,327912.4270000002
2014-08-29,403288.9170000005
2014-08-30,586373.6940000001
2014-08-31,660088.1829999996
2014-09-01,812526.2189999991
2014-09-02,717351.5529999994
2014-09-03,726683.8630000002
2014-09-04,551340.0769999991
2014-09-05,603043.2418999999
2014-09-06,870139.4459999976
2014-09-07,997964.0779999995
2014-09-08,648651.7449999993
2014-09-09,562420.5680000006
2014-09-10,612987.4720000019
2014-09-11,483462.95300000074
2014-09-12,564382.848000002
2014-09-13,795802.2380000029
2014-09-14,896501.5619999978
2014-09-15,630710.5730000013
2014-09-16,608239.9730000006
2014-09-17,617472.3440000021
2014-09-18,479500.8430000006
2014-09-19,550212.094000001
2014-09-20,808490.7630000002
2014-09-21,901420.4509999995
2014-09-22,589120.2940000006
2014-09-23,559954.3039999999
2014-09-24,598183.114699999
2014-09-25,466867.377
2014-09-26,515474.22399999964
2014-09-27,781201.3680000011
2014-09-28,886531.7900000009
2014-09-29,586682.822000001
2014-09-30,599093.9156999991
2014-10-01,784500.2548000019
2014-10-02,634306.5189999989
2014-10-03,675639.2949999998
2014-10-04,931317.512999998
2014-10-05,985466.962999998
2014-10-06,641480.7569999989
2014-10-07,586371.2709999995
2014-10-08,620201.3236999983
2014-10-09,510519.9230000017
2014-10-10,702470.3180000002
2014-10-11,748309.1540000008
2014-10-12,843971.1330000005
2014-10-13,611726.9260000008
2014-10-14,550589.5733000023
2014-10-15,624797.4691999999
2014-10-16,538252.6069999996
2014-10-17,558538.1359999996
2014-10-18,820840.9709999977
2014-10-19,935410.595999998
2014-10-20,624628.9910000011
2014-10-21,542207.1652999996
2014-10-22,584926.3560000008
2014-10-23,492233.232
2014-10-24,528403.6800000002
2014-10-25,758926.2309999994
2014-10-26,892128.4990000002
2014-10-27,572783.9020000015
2014-10-28,512678.81170000153
2014-10-29,560819.6780000015
2014-10-30,459715.26609999896
2014-10-31,561875.0719999995
2014-11-01,873539.2480000021
2014-11-02,709851.4920000025
2014-11-03,973192.0419999999
2014-11-04,702751.9537000002
2014-11-05,718799.9390000006
2014-11-06,566118.3809999999
2014-11-07,585330.2580000006
2014-11-08,816064.6450000014
2014-11-09,941478.421999997
2014-11-10,593376.7930000004
2014-11-11,552505.7502999988
2014-11-12,588092.4839999999
2014-11-13,468057.38700000144
2014-11-14,553007.9710000012
2014-11-15,786124.2010000014
2014-11-16,956619.4019999997
2014-11-17,620876.3400000009
2014-11-18,553367.2042999981
2014-11-19,580234.0112999998
2014-11-20,511855.76099999924
2014-11-21,567978.7330000009
2014-11-22,763720.1489999994
2014-11-23,907432.6579999995
2014-11-24,610847.9570000016
2014-11-25,541225.6079999991
2014-11-26,579125.3060000011
2014-11-27,475823.89699999965
2014-11-28,559619.8250000016
2014-11-29,850925.1049999989
2014-11-30,1023691.2820000006
2014-12-01,817413.5619999979
2014-12-02,735319.1840000005
2014-12-03,715126.6146
2014-12-04,578961.5170000001
2014-12-05,635445.1529999988
2014-12-06,829386.7059999995
2014-12-07,1013889.808000001
2014-12-08,790283.2909999992
2014-12-09,665123.9630000002
2014-12-10,732121.0331000003
2014-12-11,580542.1790000002
2014-12-12,642760.3870000038
2014-12-13,854830.9060000004
2014-12-14,999106.1330000008
2014-12-15,790179.9460000028
2014-12-16,799067.0559999982
2014-12-17,779966.4990000003
2014-12-18,731938.48
2014-12-19,757349.3760000012
2014-12-20,935555.5249999998
2014-12-21,1056605.199999998
2014-12-22,1008143.346000001
2014-12-23,1064977.9739999971
2014-12-24,965982.871999997
2014-12-26,872098.456999998
2014-12-27,740596.1590000003
2014-12-28,716329.6349999997
2014-12-29,773996.4010000005
2014-12-30,912970.5329999974
2014-12-31,844380.47
2015-01-01,12773.617
2015-01-02,657763.3919999993
2015-01-03,648880.6870000007
2015-01-04,730923.7759999997
2015-01-05,569267.2979999991
2015-01-06,477886.74099999905
2015-01-07,494160.8499999998
2015-01-08,417482.6889999998
2015-01-09,439381.2260000006
2015-01-10,569956.9079999997
2015-01-11,694860.9510000017
2015-01-12,442845.54400000005
2015-01-13,393799.99300000025
2015-01-14,400923.9709999999
2015-01-15,371146.1449999985
2015-01-16,423599.9359999994
2015-01-17,621865.4339999997
2015-01-18,678277.031000001
2015-01-19,448217.89699999994
2015-01-20,405308.7769999993
2015-01-21,413202.5919999996
2015-01-22,364862.53900000075
2015-01-23,416936.18200000015
2015-01-24,588849.8709999988
2015-01-25,631623.9510000001
2015-01-26,410009.61799999984
2015-01-27,360009.8499999999
2015-01-28,376935.9160000001
2015-01-29,343062.1609999999
2015-01-30,435899.6720000003
2015-01-31,656205.8419999997
2015-02-01,815294.4760000018
2015-02-02,538301.8870000002
2015-02-03,475249.84300000075
2015-02-04,451923.14699999994
2015-02-05,407491.9679999995
2015-02-06,437147.5449999999
2015-02-07,599911.5950000002
2015-02-08,622994.2319999991
2015-02-09,458002.1519999997
2015-02-10,400825.9850000004
2015-02-11,400115.33300000004
2015-02-12,384963.1430000001
2015-02-13,493265.4680000004
2015-02-14,562855.0679999997
2015-02-15,434886.67200000054
2015-02-16,420740.9040000008
2015-02-17,483088.13400000083
2015-02-18,497499.0579999993
2015-02-19,436359.9059999994
2015-02-20,483681.01500000135
2015-02-21,572753.075
2015-02-22,691339.0680000007
2015-02-23,443349.89100000006
2015-02-24,407890.27799999935
2015-02-25,395774.9539999991
2015-02-26,354938.2270000009
2015-02-27,436488.42499999993
2015-02-28,635263.3999999993
2015-03-01,820434.9790000012
2015-03-02,546037.7880000004
2015-03-03,492365.2410000008
2015-03-04,483330.5479999981
2015-03-05,428599.8089999995
2015-03-06,463723.97499999957
2015-03-07,657377.2110000007
2015-03-08,659563.4119999999
2015-03-09,480371.95000000024
2015-03-10,457881.76400000084
2015-03-11,425617.7270000014
2015-03-12,382588.66899999935
2015-03-13,434805.9950000002
2015-03-14,616609.7609999983
2015-03-15,662700.8720000004
2015-03-16,466598.4260000005
2015-03-17,415359.5160000003
2015-03-18,398630.0000000001
2015-03-19,373324.3829999997
2015-03-20,467687.94499999913
2015-03-21,624099.228
2015-03-22,646466.4020000002
2015-03-23,462664.2369999999
2015-03-24,407369.72199999954
2015-03-25,408258.18999999994
2015-03-26,367006.9569999985
2015-03-27,436906.6090000003
2015-03-28,589854.7040000006
2015-03-29,641213.7699999986
2015-03-30,437878.83499999985
2015-03-31,443278.8930000004
2015-04-01,557223.1609999991
2015-04-02,524588.902
2015-04-03,510296.7860000004
2015-04-04,653894.1960000003
2015-04-05,659669.5769999981
2015-04-06,519734.81699999905
2015-04-07,464787.2179999994
2015-04-08,461140.21300000016
2015-04-09,398718.3160000007
2015-04-10,445869.298
2015-04-11,610603.0169999998
2015-04-12,659939.0240000015
2015-04-13,453723.75600000075
2015-04-14,403623.3970000004
2015-04-15,438106.28800000035
2015-04-16,418643.1940000009
2015-04-17,456303.2369999996
2015-04-18,629155.6610000004
2015-04-19,684544.9499999994
2015-04-20,481694.7710000004
2015-04-21,426017.3130000002
2015-04-22,421108.210000002
2015-04-23,392147.04200000083
2015-04-24,437625.5080000005
2015-04-25,588781.513000001
2015-04-26,625901.0009999985
2015-04-27,425049.1479999997
2015-04-28,374834.1850000009
2015-04-29,398724.33000000066
2015-04-30,432612.1420000005
2015-05-01,674509.400000002
2015-05-02,711052.2740000016
2015-05-03,742887.7849999998
2015-05-04,556241.1479999997
2015-05-05,509493.22700000025
2015-05-06,504999.55100000004
2015-05-07,444082.3099999999
2015-05-08,481304.22299999965
2015-05-09,706705.4399999991
2015-05-10,558062.2730000005
2015-05-11,524864.0510000004
2015-05-12,452162.8740000002
2015-05-13,446915.63899999997
2015-05-14,395609.66600000026
2015-05-15,483535.5380000001
2015-05-16,709798.5530000005
2015-05-17,798186.1320000008
2015-05-18,496595.011000001
2015-05-19,446375.4880000007
2015-05-20,466238.63099999994
2015-05-21,417006.1359999995
2015-05-22,458727.9169999992
2015-05-23,658882.923
2015-05-24,738068.4269999983
2015-05-25,534802.7900000014
2015-05-26,463132.40599999955
2015-05-27,481804.96099999873
2015-05-28,428506.8810000007
2015-05-29,560519.5300000033
2015-05-30,855728.2919999999
2015-05-31,1023564.7669999979
2015-06-01,812081.2029999999
2015-06-02,753430.6420000027
2015-06-03,747929.4520000016
2015-06-04,608994.646000002
2015-06-05,657675.1259999993
2015-06-06,904437.2699999977
2015-06-07,1070695.9179999987
2015-06-08,696952.8119999979
2015-06-09,623725.1069999987
2015-06-10,641435.3719999988
2015-06-11,510018.1490000003
2015-06-12,606616.0010000007
2015-06-13,840727.7759999952
2015-06-14,967745.7209999947
2015-06-15,666557.1320000013
2015-06-16,672637.8239999999
2015-06-17,677170.1569999993
2015-06-18,556155.0390000012
2015-06-19,659233.5709999986
2015-06-20,936951.6540000015
2015-06-21,790568.4210000004
2015-06-22,688968.2289999967
2015-06-23,640322.3260000015
2015-06-24,643411.714000001
2015-06-25,518700.95599999983
2015-06-26,593299.4609999987
2015-06-27,831492.4639999997
2015-06-28,976563.589
2015-06-29,639072.1919999993
2015-06-30,669548.4250000014
2015-07-01,885953.2010000004
2015-07-02,705642.2819999976
2015-07-03,772773.3939999985
2015-07-04,1018541.842999998
2015-07-05,982427.6819999984
2015-07-06,754949.7089999986
2015-07-07,654821.0510000014
2015-07-08,732992.1299999983
2015-07-09,605032.4960000003
2015-07-10,643986.3810000014
2015-07-11,794984.7029999999
2015-07-12,898731.9369999986
2015-07-13,647967.0779999985
2015-07-14,601452.2579999998
2015-07-15,664505.0999999999
2015-07-16,584042.7270000017
2015-07-17,653451.1709999999
2015-07-18,826353.3359999998
2015-07-19,894707.298999997
2015-07-20,685961.2439999987
2015-07-21,607836.4990000022
2015-07-22,631385.4089999989
2015-07-23,541511.4209999993
2015-07-24,635244.2449999993
2015-07-25,797427.520999998
2015-07-26,875032.0359999994
2015-07-27,652999.1940000013
2015-07-28,594977.6670000006
2015-07-29,625449.9810000005
2015-07-30,543393.5930000012
2015-07-31,695083.448999998
2015-08-01,1044894.7899999986
2015-08-02,1043495.4749999993
2015-08-03,811119.834000001
2015-08-04,726613.3580000014
2015-08-05,724346.5940000018
2015-08-06,583375.2119999976
2015-08-07,663326.5180000013
2015-08-08,784099.2160000012
2015-08-09,679410.1249999998
2015-08-10,785477.9339999983
2015-08-11,668280.3580000014
2015-08-12,678064.7319999982
2015-08-13,557859.4780000016
2015-08-14,734484.2050000001
2015-08-15,936339.025999999
2015-08-16,913846.6249999969
2015-08-17,694747.1619999997
2015-08-18,629475.6430000004
2015-08-19,653733.3600000009
2015-08-20,569443.7039999989
2015-08-21,653281.2079999974
2015-08-22,803270.158
2015-08-23,865755.3970000012
2015-08-24,681575.9900000015
2015-08-25,624698.337999999
2015-08-26,640075.9909999989
2015-08-27,548043.3270000007
2015-08-28,635737.2319999982
2015-08-29,876953.0969999984
2015-08-30,975697.6019999979
2015-08-31,776152.5519999997
2015-09-01,906549.992999998
2015-09-02,879033.0919999983
2015-09-03,707093.0420000005
2015-09-04,736395.3030000004
2015-09-05,1052868.3949999972
2015-09-06,1147642.5830000015
2015-09-07,767382.7760000009
2015-09-08,677312.2359999999
2015-09-09,705633.4999999977
2015-09-10,577743.7949999998
2015-09-11,651330.1680000024
2015-09-12,921524.4359999985
2015-09-13,1023345.3189999992
2015-09-14,688405.1900000011
2015-09-15,682134.3539999991
2015-09-16,742089.6680000013
2015-09-17,593577.8020000012
2015-09-18,653805.8749999997
2015-09-19,935893.4810000011
2015-09-20,1037532.8599999992
2015-09-21,717725.3769999987
2015-09-22,641914.7390000008
2015-09-23,690419.7219999993
2015-09-24,557321.6109999982
2015-09-25,646083.8749999995
2015-09-26,890486.0600000004
2015-09-27,1018062.9640000014
2015-09-28,671261.0640000012
2015-09-29,609130.6579999999
2015-09-30,711182.5389999971
2015-10-01,796340.8590000003
2015-10-02,830719.3880000012
2015-10-03,1179376.176999998
2015-10-04,1234130.939000001
2015-10-05,809524.8379999985
2015-10-06,696169.2760000024
2015-10-07,720562.3309999971
2015-10-08,603066.0299999979
2015-10-09,873934.7189999999
2015-10-10,867556.973000002
2015-10-11,973329.2039999997
2015-10-12,721629.5720000018
2015-10-13,585141.5539999995
2015-10-14,688198.1060000008
2015-10-15,577952.197
2015-10-16,693829.3519999997
2015-10-17,958052.958
2015-10-18,1071477.1030000004
2015-10-19,699259.487999997
2015-10-20,660308.3610000019
2015-10-21,672847.3460000025
2015-10-22,547020.047
2015-10-23,639040.6059999977
2015-10-24,859950.711
2015-10-25,1018783.1420000006
2015-10-26,649914.3520000009
2015-10-27,587066.1010000006
2015-10-28,599387.1220000011
2015-10-29,511860.06900000025
2015-10-30,635875.8910000004
2015-10-31,915956.8520000029
2015-11-01,819250.3879999995
2015-11-02,762549.7950000005
2015-11-03,1033439.1330000011
2015-11-04,855494.4399999997
2015-11-05,649662.6710000018
2015-11-06,671145.787999997
2015-11-07,929723.3439999997
2015-11-08,1077361.9560000012
2015-11-09,683644.9020000028
2015-11-10,623529.179000001
2015-11-11,689746.2119999973
2015-11-12,506937.66400000075
2015-11-13,626674.0250000018
2015-11-14,867597.332999998
2015-11-15,1056159.4620000036
2015-11-16,716508.7090000007
2015-11-17,618919.9880000032
2015-11-18,683954.187000003
2015-11-19,560452.5669999995
2015-11-20,665619.668
2015-11-21,863726.8819999977
2015-11-22,1015844.2849999986
2015-11-23,696685.4610000009
2015-11-24,612710.2009999998
2015-11-25,658917.829999998
2015-11-26,530358.3300000002
2015-11-27,645086.035999998
2015-11-28,850596.0039999988
2015-11-29,1070619.8029999968
2015-11-30,762036.1239999989
2015-12-01,857620.9429999993
2015-12-02,867269.5760000015
2015-12-03,676883.0320000008
2015-12-04,749354.1320000003
2015-12-05,966202.367999998
2015-12-06,1143119.3189999978
2015-12-07,822334.7089999998
2015-12-08,712569.1699999985
2015-12-09,747893.7820000027
2015-12-10,657427.1790000005
2015-12-11,708392.808000002
2015-12-12,915667.8839999991
2015-12-13,1059425.4209999992
2015-12-14,811613.7220000013
2015-12-15,779809.9530000032
2015-12-16,859930.2490000017
2015-12-17,809809.7489999993
2015-12-18,893569.9019999959
2015-12-19,1095523.5180000023
2015-12-20,1175416.9640000009
2015-12-21,1072887.4769999979
2015-12-22,1141861.909999999
2015-12-23,1196146.0579999976
2015-12-24,1083680.3149999992
2015-12-26,946725.191
2015-12-27,837714.1289999983
2015-12-28,789678.9129999992
2015-12-29,870762.0259999989
2015-12-30,1030043.7359999991
2015-12-31,964641.5410000035
2016-01-01,16433.394000000008
2016-01-02,1066677.4239999985
2016-01-03,1226735.7179999952
2016-01-04,955956.874999998
2016-01-05,835305.4390000006
2016-01-06,821685.6560000005
2016-01-07,653504.3670000015
2016-01-08,713608.3340000017
2016-01-09,989208.4579999995
2016-01-10,1094693.8370000015
2016-01-11,705495.2409999998
2016-01-12,647057.460999998
2016-01-13,660045.3169999969
2016-01-14,561972.6230000021
2016-01-15,671027.1000000004
2016-01-16,959827.1470000017
2016-01-17,1057997.3429999996
2016-01-18,709784.2300000003
2016-01-19,630929.7510000026
2016-01-20,738744.0130000021
2016-01-21,552820.7689999999
2016-01-22,648430.428
2016-01-23,906754.8339999975
2016-01-24,980927.7579999983
2016-01-25,658090.6869999983
2016-01-26,609465.7879999971
2016-01-27,647253.6779999977
2016-01-28,533709.8489999999
2016-01-29,660492.7579999964
2016-01-30,969938.3769999999
2016-01-31,1093211.2289999975
2016-02-01,872063.3150000002
2016-02-02,765233.2080000004
2016-02-03,772360.939
2016-02-04,650328.1670000008
2016-02-05,768586.5080000007
2016-02-06,941954.0760000016
2016-02-07,697791.6310000028
2016-02-08,636542.6769999997
2016-02-09,746939.6399999982
2016-02-10,790988.7140000002
2016-02-11,646375.371
2016-02-12,698152.0700000027
2016-02-13,859023.0270000009
2016-02-14,940214.498999998
2016-02-15,746671.2900000003
2016-02-16,719111.8859999996
2016-02-17,723794.722000001
2016-02-18,570072.6780000001
2016-02-19,672510.1340000005
2016-02-20,883790.2210000016
2016-02-21,991384.2700000023
2016-02-22,698907.6359999987
2016-02-23,641329.0609999999
2016-02-24,675573.3779999986
2016-02-25,557959.3280000013
2016-02-26,641922.8020000005
2016-02-27,916704.0690000005
2016-02-28,994502.7269999976
2016-02-29,726619.7579999999
2016-03-01,897927.642999995
2016-03-02,878452.3649999982
2016-03-03,671564.7520000001
2016-03-04,747546.796000001
2016-03-05,1028620.6769999998
2016-03-06,1078958.508999998
2016-03-07,738126.524
2016-03-08,642291.3450000021
2016-03-09,694645.848999999
2016-03-10,572491.8569999974
2016-03-11,664893.5129999989
2016-03-12,898101.1099999958
2016-03-13,954980.3299999991
2016-03-14,668066.3929999984
2016-03-15,668183.7030000008
2016-03-16,739805.3780000019
2016-03-17,580452.5320000004
2016-03-18,666756.8189999987
2016-03-19,895038.5119999993
2016-03-20,929605.5820000013
2016-03-21,690469.8009999989
2016-03-22,622695.8369999992
2016-03-23,714881.1740000019
2016-03-24,660489.8449999968
2016-03-25,633524.1999999993
2016-03-26,800133.5170000002
2016-03-27,833336.0650000023
2016-03-28,661057.8659999999
2016-03-29,621166.0629999997
2016-03-30,660138.988999999
2016-03-31,617374.3380000016
2016-04-01,872467.3200000009
2016-04-02,1150824.5810000005
2016-04-03,1266908.292000003
2016-04-04,795237.1919999988
2016-04-05,725750.1009999979
2016-04-06,744784.8429999999
2016-04-07,587939.7200000004
2016-04-08,689727.1959999992
2016-04-09,927981.3889999975
2016-04-10,1008876.739
2016-04-11,665348.9639999982
2016-04-12,651657.0340000015
2016-04-13,672611.4809999989
2016-04-14,546785.2089999992
2016-04-15,667606.2999999986
2016-04-16,862121.4920000004
2016-04-17,1271833.7389999966
2016-04-18,1345920.605
2016-04-19,1152089.2080000027
2016-04-20,1062426.2899999989
2016-04-21,998132.7819999993
2016-04-22,857059.2439999997
2016-04-23,1022143.1349999991
2016-04-24,1039369.9319999987
2016-04-25,680000.7540000016
2016-04-26,704799.4179999991
2016-04-27,670288.0980000031
2016-04-28,543339.8490000003
2016-04-29,708711.4289999999
2016-04-30,1067335.7699999998
2016-05-01,1270121.2080000017
2016-05-02,973985.6699999983
2016-05-03,792205.5499999996
2016-05-04,798654.4539999991
2016-05-05,648701.6030000026
2016-05-06,761422.5159999991
2016-05-07,1068424.7769999998
2016-05-08,820824.6379999999
2016-05-09,771767.6540000002
2016-05-10,693010.4869999996
2016-05-11,727543.4629999978
2016-05-12,603394.2070000012
2016-05-13,666833.9000000007
2016-05-14,921606.5209999982
2016-05-15,1070331.6670000008
2016-05-16,746119.6869999979
2016-05-17,661929.8390000015
2016-05-18,671232.9589999985
2016-05-19,581470.5600000008
2016-05-20,706024.0579999994
2016-05-21,910756.1630000006
2016-05-22,1030671.6229999993
2016-05-23,695004.6809999995
2016-05-24,606377.2050000003
2016-05-25,637511.0390000003
2016-05-26,571968.6230000004
2016-05-27,852689.219
2016-05-28,816187.2199999995
2016-05-29,959853.6579999988
2016-05-30,752452.4189999999
2016-05-31,974327.9899999963
2016-06-01,811525.3200000017
2016-06-02,694535.9359999994
2016-06-03,742363.0849999984
2016-06-04,1011996.6160000033
2016-06-05,1123734.4360000028
2016-06-06,729894.2230000001
2016-06-07,658714.652999998
2016-06-08,696747.5500000017
2016-06-09,547139.6129999968
2016-06-10,637354.3200000005
2016-06-11,845838.2060000018
2016-06-12,947479.7650000019
2016-06-13,685382.1930000036
2016-06-14,622267.7729999993
2016-06-15,708327.6370000008
2016-06-16,620526.2429999983
2016-06-17,737897.4379999995
2016-06-18,972971.1100000001
2016-06-19,837363.0240000013
2016-06-20,735754.364999999
2016-06-21,679248.022000001
2016-06-22,677730.650999998
2016-06-23,559653.3370000004
2016-06-24,641812.6759999997
2016-06-25,860296.8350000003
2016-06-26,954344.6670000014
2016-06-27,684735.608999999
2016-06-28,596948.9350000005
2016-06-29,632489.477000002
2016-06-30,554144.8649999988
2016-07-01,857027.5539999979
2016-07-02,1078485.1409999994
2016-07-03,1126713.708000004
2016-07-04,850891.5979999996
2016-07-05,728011.5579999998
2016-07-06,752110.9399999989
2016-07-07,591702.7820000012
2016-07-08,688563.4000000006
2016-07-09,868259.9710000014
2016-07-10,932486.3000000027
2016-07-11,688436.1450000007
2016-07-12,627038.7800000028
2016-07-13,642494.402000001
2016-07-14,535124.328000001
2016-07-15,675032.4290000006
2016-07-16,887192.8850000004
2016-07-17,932586.6970000023
2016-07-18,702619.7510000025
2016-07-19,633176.2919999985
2016-07-20,686848.8469999991
2016-07-21,578823.6879999994
2016-07-22,646633.6550000011
2016-07-23,822292.4719999982
2016-07-24,847867.6780000024
2016-07-25,697383.6019999991
2016-07-26,622771.9240000009
2016-07-27,651121.985
2016-07-28,533256.2489999983
2016-07-29,669585.8380000005
2016-07-30,910213.8719999981
2016-07-31,997916.9570000008
2016-08-01,895580.4049999969
2016-08-02,777592.8389999985
2016-08-03,779844.8100000028
2016-08-04,622883.0979999993
2016-08-05,704092.7390000001
2016-08-06,858903.2120000008
2016-08-07,904321.4370000015
2016-08-08,715195.538999999
2016-08-09,635538.9809999975
2016-08-10,658457.4360000015
2016-08-11,596729.2799999993
2016-08-12,745662.5049999979
2016-08-13,714905.9189999994
2016-08-14,761826.128000001
2016-08-15,720032.2999999977
2016-08-16,718671.6510000003
2016-08-17,725945.7029999993
2016-08-18,577350.5210000006
2016-08-19,678767.1160000006
2016-08-20,828986.3359999998
2016-08-21,901870.1500000018
2016-08-22,714866.2340000012
2016-08-23,660819.9779999983
2016-08-24,674613.0479999994
2016-08-25,554421.5290000024
2016-08-26,646698.2729999996
2016-08-27,791047.5350000008
2016-08-28,858802.419999999
2016-08-29,671845.737
2016-08-30,624711.3350000015
2016-08-31,731430.1239999983
2016-09-01,718105.5710000003
2016-09-02,837129.5879999973
2016-09-03,1057581.2109999994
2016-09-04,1109985.858000001
2016-09-05,813763.2950000018
2016-09-06,751583.025000002
2016-09-07,738543.9160000017
2016-09-08,595849.2990000009
2016-09-09,658969.0270000013
2016-09-10,915938.558999998
2016-09-11,1017369.2239999946
2016-09-12,678776.458999999
2016-09-13,603427.9470000017
2016-09-14,624262.0720000032
2016-09-15,568324.8129999993
2016-09-16,691912.6010000003
2016-09-17,899219.2970000019
2016-09-18,1018662.658000002
2016-09-19,681159.3419999996
2016-09-20,650980.3220000025
2016-09-21,666928.3999999993
2016-09-22,533276.332
2016-09-23,663685.9850000007
2016-09-24,861830.3899999973
2016-09-25,952352.5509999983
2016-09-26,664216.4399999994
2016-09-27,587908.3279999996
2016-09-28,631761.1749999993
2016-09-29,520744.9209999992
2016-09-30,703198.4910000003
2016-10-01,1175033.6580000005
2016-10-02,1256480.1700000041
2016-10-03,833060.5590000026
2016-10-04,724113.096000001
2016-10-05,749712.3000000026
2016-10-06,581428.3399999985
2016-10-07,797612.2420000006
2016-10-08,932551.7069999997
2016-10-09,1088251.480000002
2016-10-10,725312.8469999991
2016-10-11,625271.9939999997
2016-10-12,665126.0779999989
2016-10-13,558859.8909999984
2016-10-14,667954.2070000009
2016-10-15,890613.5909999983
2016-10-16,1104504.688
2016-10-17,710456.4239999977
2016-10-18,630637.5919999997
2016-10-19,647823.4690000009
2016-10-20,583001.280000001
2016-10-21,669453.5420000014
2016-10-22,843626.415999997
2016-10-23,1022953.689999998
2016-10-24,668507.6450000003
2016-10-25,610590.8980000011
2016-10-26,633413.8909999969
2016-10-27,544361.4799999984
2016-10-28,638838.2520000009
2016-10-29,841074.6969999985
2016-10-30,954838.1909999995
2016-10-31,654923.5029999999
2016-11-01,811832.4459999974
2016-11-02,969033.6190000024
2016-11-03,793811.6840000009
2016-11-04,858468.2159999982
2016-11-05,887751.298999999
2016-11-06,1140367.104000004
2016-11-07,849451.0430000005
2016-11-08,767439.6280000013
2016-11-09,790276.8389999999
2016-11-10,588241.7589999986
2016-11-11,713396.4539999986
2016-11-12,929802.772
2016-11-13,1188982.232
2016-11-14,735723.1730000031
2016-11-15,691801.6289999981
2016-11-16,830386.7420000038
2016-11-17,615228.2560000002
2016-11-18,738265.5519999999
2016-11-19,935655.0010000009
2016-11-20,1125178.9889999984
2016-11-21,773745.2809999988
2016-11-22,690281.2509999998
2016-11-23,753685.0409999978
2016-11-24,595457.3060000007
2016-11-25,737819.4850000012
2016-11-26,908066.8230000004
2016-11-27,1056721.5920000018
2016-11-28,752583.768
2016-11-29,645760.5079999984
2016-11-30,767361.7039999978
2016-12-01,843603.3139999969
2016-12-02,853452.9310000008
2016-12-03,1113440.5669999996
2016-12-04,1276195.035999994
2016-12-05,896824.9390000021
2016-12-06,932546.3860000031
2016-12-07,867653.7350000002
2016-12-08,674076.3830000014
2016-12-09,774941.9240000008
2016-12-10,920050.7459999998
2016-12-11,1119324.245000001
2016-12-12,844251.7040000017
2016-12-13,747161.616000002
2016-12-14,829762.2190000018
2016-12-15,747641.1830000009
2016-12-16,918899.7860000035
2016-12-17,1071655.628
2016-12-18,1260471.9079999933
2016-12-19,1028242.8230000003
2016-12-20,1078323.6899999967
2016-12-21,1181307.3269999973
2016-12-22,1135849.3919999965
2016-12-23,1282145.5169999981
2016-12-24,1246837.842999999
2016-12-26,1032770.7490000019
2016-12-27,842474.489999997
2016-12-28,951533.714
2016-12-29,894108.2370000012
2016-12-30,1163643.0379999974
2016-12-31,1109012.8120000013
2017-01-01,12082.500999999997
2017-01-02,1402305.3710000005
2017-01-03,1104377.0800000017
2017-01-04,990093.4629999965
2017-01-05,777620.9539999993
2017-01-06,839600.2380000019
2017-01-07,1103806.299000002
2017-01-08,1192543.7510000046
2017-01-09,793686.8969999999
2017-01-10,742635.5689999971
2017-01-11,770742.6899999985
2017-01-12,629635.7940000008
2017-01-13,768898.9439999982
2017-01-14,1021050.5359999989
2017-01-15,1175725.1660000004
2017-01-16,824488.6659999985
2017-01-17,750836.5429999992
2017-01-18,782656.0250000003
2017-01-19,606949.7449999982
2017-01-20,725703.6910000014
2017-01-21,1072721.7249999966
2017-01-22,1148213.3589999985
2017-01-23,798133.6120000025
2017-01-24,721275.7750000001
2017-01-25,744342.5930000008
2017-01-26,576515.5370000008
2017-01-27,722113.959000002
2017-01-28,977850.4059999993
2017-01-29,1075166.993000002
2017-01-30,698122.7680000014
2017-01-31,778222.2859999996
2017-02-01,961777.3830000004
2017-02-02,748882.7330000004
2017-02-03,834667.1519999986
2017-02-04,1132788.542000002
2017-02-05,1151987.6309999994
2017-02-06,786672.394000001
2017-02-07,739431.2130000038
2017-02-08,783605.377000001
2017-02-09,624387.4879999994
2017-02-10,752207.2400000006
2017-02-11,944924.6529999988
2017-02-12,1074820.8999999987
2017-02-13,794314.432000002
2017-02-14,642613.1869999997
2017-02-15,745780.3549999988
2017-02-16,645968.257
2017-02-17,758855.7129999996
2017-02-18,1063394.8439999963
2017-02-19,858897.123
2017-02-20,759120.0600000016
2017-02-21,717806.6770000036
2017-02-22,739388.0350000005
2017-02-23,675578.5000000002
2017-02-24,816197.4989999967
2017-02-25,1026011.2230000002
2017-02-26,775708.9880000014
2017-02-27,744956.9480000001
2017-02-28,949366.8289999968
2017-03-01,1008521.7099999981
2017-03-02,836225.1789999977
2017-03-03,882639.7749999998
2017-03-04,1125736.3469999991
2017-03-05,1196983.6900000025
2017-03-06,790143.2409999978
2017-03-07,761866.7300000004
2017-03-08,781046.6619999995
2017-03-09,653901.1920000005
2017-03-10,773855.3070000014
2017-03-11,1001174.4339999993
2017-03-12,1146006.8270000012
2017-03-13,754390.3799999991
2017-03-14,700998.0350000012
2017-03-15,815621.8870000042
2017-03-16,699108.1669999998
2017-03-17,812306.7739999987
2017-03-18,1038906.5660000008
2017-03-19,1157140.6389999993
2017-03-20,826422.9100000011
2017-03-21,746620.926
2017-03-22,767880.8050000014
2017-03-23,670848.010000001
2017-03-24,787903.1260000018
2017-03-25,1038139.3170000003
2017-03-26,1101557.4769999986
2017-03-27,784103.2649999983
2017-03-28,702943.9489999985
2017-03-29,824632.9849999975
2017-03-30,637624.3409999976
2017-03-31,878750.0380000005
2017-04-01,1463083.963000003
2017-04-02,1138650.059000005
2017-04-03,835191.6219999999
2017-04-04,835602.6359999984
2017-04-05,846631.3080000028
2017-04-06,683059.5699999979
2017-04-07,765502.2120000019
2017-04-08,988590.4700000013
2017-04-09,1101713.6570000018
2017-04-10,739392.1309999997
2017-04-11,741331.4299999995
2017-04-12,791762.3130000018
2017-04-13,737029.564999999
2017-04-14,740889.4860000019
2017-04-15,898610.2180000008
2017-04-16,985493.7960000044
2017-04-17,775916.9059999987
2017-04-18,717196.3160000012
2017-04-19,735733.2140000004
2017-04-20,675803.021999999
2017-04-21,795795.8940000004
2017-04-22,974952.8179999979
2017-04-23,1140070.2750000001
2017-04-24,755072.5310000005
2017-04-25,718996.0810000012
2017-04-26,781159.2830000004
2017-04-27,624910.0260000015
2017-04-28,797636.6249999998
2017-04-29,1068278.8160000031
2017-04-30,1041249.2479999987
2017-05-01,1306699.3670000006
2017-05-02,907318.0939999962
2017-05-03,924247.256999998
2017-05-04,716654.6089999994
2017-05-05,780798.4070000005
2017-05-06,1039417.8619999972
2017-05-07,1227380.6079999928
2017-05-08,776307.4950000001
2017-05-09,715811.1989999989
2017-05-10,766101.9069999994
2017-05-11,648650.4130000016
2017-05-12,764811.4159999993
2017-05-13,1116976.8900000001
2017-05-14,884199.9139999966
2017-05-15,823035.5719999998
2017-05-16,807802.8949999997
2017-05-17,841407.6079999944
2017-05-18,628487.990000002
2017-05-19,773775.4380000022
2017-05-20,1035667.3819999989
2017-05-21,1201938.8859999995
2017-05-22,778935.156000002
2017-05-23,723151.7680000019
2017-05-24,746303.6269999975
2017-05-25,620108.244
2017-05-26,984511.1520000008
2017-05-27,932219.8930000013
2017-05-28,1061771.6379999965
2017-05-29,776813.137000002
2017-05-30,742471.2769999971
2017-05-31,858062.1489999997
2017-06-01,766858.172999999
2017-06-02,918421.3189999972
2017-06-03,1176138.1089999964
2017-06-04,1376511.520000003
2017-06-05,912692.8510000007
2017-06-06,805546.6479999991
2017-06-07,842979.8370000016
2017-06-08,667099.8009999997
2017-06-09,795075.1360000015
2017-06-10,993732.6839999954
2017-06-11,1213673.9469999985
2017-06-12,768349.759
2017-06-13,729412.9600000004
2017-06-14,785885.9089999975
2017-06-15,660338.3469999984
2017-06-16,834786.4279999972
2017-06-17,1096133.5510000002
2017-06-18,965144.1209999995
2017-06-19,791146.3939999976
2017-06-20,787326.7169999973
2017-06-21,766159.0110000018
2017-06-22,609857.8309999988
2017-06-23,761049.7449999998
2017-06-24,963268.227000001
2017-06-25,1092610.86
2017-06-26,755367.8450000017
2017-06-27,682218.4690000021
2017-06-28,731896.9850000006
2017-06-29,630811.8029999974
2017-06-30,802273.1390000022
2017-07-01,1207529.921999997
2017-07-02,1296379.217
2017-07-03,925143.4089999992
2017-07-04,832359.2859999976
2017-07-05,844301.6130000008
2017-07-06,700272.0099999976
2017-07-07,805792.302000001
2017-07-08,998347.1929999988
2017-07-09,1100833.3229999992
2017-07-10,804158.8610000019
2017-07-11,730532.7679999989
2017-07-12,748799.9959999991
2017-07-13,629651.3630000008
2017-07-14,765489.6169999985
2017-07-15,969077.1249999987
2017-07-16,1100803.699000001
2017-07-17,818325.5219999994
2017-07-18,730133.7090000001
2017-07-19,767978.7779999977
2017-07-20,688288.0679999997
2017-07-21,782418.2989999999
2017-07-22,932902.0469999991
2017-07-23,1024288.7409999972
2017-07-24,816564.3269999976
2017-07-25,713581.6329999993
2017-07-26,740653.0439999993
2017-07-27,659849.8269999995
2017-07-28,835098.6819999989
2017-07-29,1032310.866
2017-07-30,1123752.4779999976
2017-07-31,885856.8410000006
2017-08-01,988527.7630000009
2017-08-02,964712.0159999994
2017-08-03,728068.4850000015
2017-08-04,827775.6859999973
2017-08-05,965693.6499999966
2017-08-06,1049559.1639999985
2017-08-07,797464.9640000017
2017-08-08,717766.3490000003
2017-08-09,734139.6740000002
2017-08-10,651386.9120000013
2017-08-11,826373.7220000003
2017-08-12,792630.5350000008
2017-08-13,865639.6769999991
2017-08-14,760922.4060000024
2017-08-15,762661.9359999989
